1,OpenNeuroDatasets/ds000245
42,OpenNeuroDatasets/ds000030
2,OpenNeuroDatasets/ds001365
16,OpenNeuroDatasets/ds001021
3,OpenNeuroDatasets/ds002306
2,OpenNeuroDatasets/ds001769
1,OpenNeuroDatasets/ds001971
2,OpenNeuroDatasets/ds001890
1,OpenNeuroDatasets/ds001612
1,OpenNeuroDatasets/ds002041
3,OpenNeuroDatasets/ds000006
3,OpenNeuroDatasets/ds001849
7,OpenNeuroDatasets/ds001614
4,OpenNeuroDatasets/ds000243
3,OpenNeuroDatasets/ds001378
3,OpenNeuroDatasets/ds001499
3,OpenNeuroDatasets/ds002274
4,OpenNeuroDatasets/ds002345
2,OpenNeuroDatasets/ds000217
1,OpenNeuroDatasets/ds001748
2,OpenNeuroDatasets/ds001421
40,OpenNeuroDatasets/ds000102
2,OpenNeuroDatasets/ds000109
1,OpenNeuroDatasets/ds000051
2,OpenNeuroDatasets/ds000108
1,OpenNeuroDatasets/ds001728
8,OpenNeuroDatasets/ds000002
9,OpenNeuroDatasets/ds002372
11,OpenNeuroDatasets/ds002330
1,OpenNeuroDatasets/ds001545
1,OpenNeuroDatasets/ds001241
1,OpenNeuroDatasets/ds000255
4,OpenNeuroDatasets/ds000240
2,OpenNeuroDatasets/ds001461
1,OpenNeuroDatasets/ds002270
2,OpenNeuroDatasets/ds001595
2,OpenNeuroDatasets/ds001247
3,OpenNeuroDatasets/ds000206
4,OpenNeuroDatasets/ds002336
9,OpenNeuroDatasets/ds001875
3,OpenNeuroDatasets/ds000210
1,OpenNeuroDatasets/ds001517
3,OpenNeuroDatasets/ds000220
1,OpenNeuroDatasets/ds001491
4,OpenNeuroDatasets/ds002247
1,OpenNeuroDatasets/ds000216
1,OpenNeuroDatasets/ds002087
4,OpenNeuroDatasets/ds000003
2,OpenNeuroDatasets/ds001232
8,OpenNeuroDatasets/ds000171
2,OpenNeuroDatasets/ds002080
20,OpenNeuroDatasets/ds000221
7,OpenNeuroDatasets/ds000101
5,OpenNeuroDatasets/ds001771
6,OpenNeuroDatasets/ds001928
3,OpenNeuroDatasets/ds001894
2,OpenNeuroDatasets/ds002156
2,OpenNeuroDatasets/ds001226
1,OpenNeuroDatasets/ds000234
1,OpenNeuroDatasets/ds001534
8,OpenNeuroDatasets/ds000201
2,OpenNeuroDatasets/ds001810
4,OpenNeuroDatasets/ds001907
1,OpenNeuroDatasets/ds000140
1,OpenNeuroDatasets/ds000157
1,OpenNeuroDatasets/ds001529
2,OpenNeuroDatasets/ds000208
6,OpenNeuroDatasets/ds002034
2,OpenNeuroDatasets/ds001408
1,OpenNeuroDatasets/ds002328
1,OpenNeuroDatasets/ds000170
5,OpenNeuroDatasets/ds000031
12,OpenNeuroDatasets/ds000105
1,OpenNeuroDatasets/ds000114
1,OpenNeuroDatasets/ds001345
8,OpenNeuroDatasets/ds000228
8,OpenNeuroDatasets/ds000115
1,OpenNeuroDatasets/ds000212
1,OpenNeuroDatasets/ds000258
4,OpenNeuroDatasets/ds001506
4,OpenNeuroDatasets/ds001246
1,OpenNeuroDatasets/ds002380
7,OpenNeuroDatasets/ds000009
1,OpenNeuroDatasets/ds001591
1,OpenNeuroDatasets/ds001233
5,OpenNeuroDatasets/ds000256
7,OpenNeuroDatasets/ds000174
3,OpenNeuroDatasets/ds000011
5,OpenNeuroDatasets/ds001761
7,OpenNeuroDatasets/ds000244
1,OpenNeuroDatasets/ds000213
1,OpenNeuroDatasets/ds002374
2,OpenNeuroDatasets/ds002338
1,OpenNeuroDatasets/ds000223
1,OpenNeuroDatasets/ds001784
2,OpenNeuroDatasets/ds001734
23,OpenNeuroDatasets/ds000113
16,OpenNeuroDatasets/ds001454
2,OpenNeuroDatasets/ds001541
1,OpenNeuroDatasets/ds002033
2,OpenNeuroDatasets/ds001357
2,OpenNeuroDatasets/ds000005
3,OpenNeuroDatasets/ds000144
1,OpenNeuroDatasets/ds002311
1,OpenNeuroDatasets/ds001497
8,OpenNeuroDatasets/ds000224
7,OpenNeuroDatasets/ds000248
15,OpenNeuroDatasets/ds000001
7,OpenNeuroDatasets/ds000219
1,OpenNeuroDatasets/ds000007
2,OpenNeuroDatasets/ds001635
1,OpenNeuroDatasets/ds002006
1,OpenNeuroDatasets/ds001743
2,OpenNeuroDatasets/ds001740
11,OpenNeuroDatasets/ds000246
2,OpenNeuroDatasets/ds001725
1,OpenNeuroDatasets/ds001297
1,OpenNeuroDatasets/ds001399
5,OpenNeuroDatasets/ds000107
9,OpenNeuroDatasets/ds000247
3,OpenNeuroDatasets/ds001634
1,OpenNeuroDatasets/ds001419
1,OpenNeuroDatasets/ds001720
1,OpenNeuroDatasets/ds001882
1,OpenNeuroDatasets/ds001653
5,OpenNeuroDatasets/ds000117
1,OpenNeuroDatasets/ds000254
1,OpenNeuroDatasets/ds001981
1,OpenNeuroDatasets/ds001597
1,OpenNeuroDatasets/ds002237
1,OpenNeuroDatasets/ds002016
1,OpenNeuroDatasets/ds000120
1,OpenNeuroDatasets/ds002001
1,OpenNeuroDatasets/ds000116
4,OpenNeuroDatasets/ds001168
1,OpenNeuroDatasets/ds000122
3,OpenNeuroDatasets/ds000008
1,OpenNeuroDatasets/ds002322
1,OpenNeuroDatasets/ds000249
2,OpenNeuroDatasets/ds002154
2,OpenNeuroDatasets/ds002578
1,OpenNeuroDatasets/ds002549
4,OpenNeuroDatasets/ds002543
2,OpenNeuroDatasets/ds002596
1,OpenNeuroDatasets/ds002551
2,OpenNeuroDatasets/ds002712
9,OpenNeuroDatasets/ds002725
3,OpenNeuroDatasets/ds002723
2,OpenNeuroDatasets/ds002715
6,OpenNeuroDatasets/ds002718
12,OpenNeuroDatasets/ds002680
16,OpenNeuroDatasets/ds002721
2,OpenNeuroDatasets/ds002702
4,OpenNeuroDatasets/ds002685
2,OpenNeuroDatasets/ds002724
1,OpenNeuroDatasets/ds002722
1,OpenNeuroDatasets/ds002770
1,OpenNeuroDatasets/ds002750
1,OpenNeuroDatasets/ds002734
1,OpenNeuroDatasets/ds002739
1,OpenNeuroDatasets/ds002609
6,OpenNeuroDatasets/ds002105
7,OpenNeuroDatasets/ds002837
1,OpenNeuroDatasets/ds002776
1,OpenNeuroDatasets/ds002793
1,OpenNeuroDatasets/ds002726
2,OpenNeuroDatasets/ds002168
2,OpenNeuroDatasets/ds002873
2,OpenNeuroDatasets/ds002870
1,OpenNeuroDatasets/ds002766
1,OpenNeuroDatasets/ds002868
1,OpenNeuroDatasets/ds002938
1,OpenNeuroDatasets/ds002940
4,OpenNeuroDatasets/ds002778
1,OpenNeuroDatasets/ds003490
1,OpenNeuroDatasets/ds003059
1,OpenNeuroDatasets/ds003478
1,OpenNeuroDatasets/ds003171
1,OpenNeuroDatasets/ds002674
2,OpenNeuroDatasets/ds003104
2,OpenNeuroDatasets/ds003190
2,OpenNeuroDatasets/ds002134
1,OpenNeuroDatasets/ds003061
3,OpenNeuroDatasets/ds003007
1,OpenNeuroDatasets/ds002748
1,OpenNeuroDatasets/ds003082
2,OpenNeuroDatasets/ds003047
7,OpenNeuroDatasets/ds002158
1,OpenNeuroDatasets/ds003004
1,OpenNeuroDatasets/ds003481
2,OpenNeuroDatasets/ds003037
1,OpenNeuroDatasets/ds001814
1,OpenNeuroDatasets/ds003089
5,OpenNeuroDatasets/ds002878
3,OpenNeuroDatasets/ds003399
2,OpenNeuroDatasets/ds002893
4,OpenNeuroDatasets/ds003097
1,OpenNeuroDatasets/ds003392
2,OpenNeuroDatasets/ds003458
1,OpenNeuroDatasets/ds001832
1,OpenNeuroDatasets/ds003421
4,OpenNeuroDatasets/ds002785